Venue,Title,Date,Time,Link
TD Garden,Bruins vs. Devils,2026-04-14,7:00pm,https://www.tdgarden.com/events/detail/bruins-vs-devils-25-26-1
Barclays Center,BLESSD,2026-04-17,8:00 PM,https://www.barclayscenter.com/events/detail/blessd-2026
State Farm Arena,Cardi B,2026-04-17,7:30pm,https://www.statefarmarena.com/events/detail/cardi-b
TD Garden,Romeo Santos,2026-04-17,8:00pm,https://www.tdgarden.com/events/detail/romeo-santos
Barclays Center,Alejandro Sanz,2026-04-18,8:00 PM,https://www.barclayscenter.com/events/detail/alejandro-sanz-2026
Spectrum Center,Shane Gillis Live,2026-04-18,7:00 PM,https://www.spectrumcentercharlotte.com/events/detail/shane-gillis-live
State Farm Arena,Cardi B,2026-04-18,7:30pm,https://www.statefarmarena.com/events/detail/cardi-b
Spectrum Center,Brandon Lake with Pat Barrett,2026-04-19,7:00 PM,https://www.spectrumcentercharlotte.com/events/detail/brandon-lake
TD Garden,Florence + The Machine,2026-04-19,7:30pm,https://www.tdgarden.com/events/detail/florence-and-the-machine-2026
TD Garden,Demi Lovato,2026-04-22,8:00pm,https://www.tdgarden.com/events/detail/demi-lovato-2026
Barclays Center,Florence + The Machine,2026-04-24,7:30 PM,https://www.barclayscenter.com/events/detail/florence-the-machine-2026
Barclays Center,New York Liberty vs. Indiana Fever,2026-04-25,3:00 PM,https://www.barclayscenter.com/events/detail/new-york-liberty-vs-indiana-fever-20260425
State Farm Arena,Romeo Santos & Prince Royce,2026-04-30,8:00pm,https://www.statefarmarena.com/events/detail/romeo-santos-prince-royce-mejor-tarde-que-nunca-tour-2026-prince-royce-tickets-atlanta-georgia-2026-04-30
State Farm Arena,Florence + The Machine,2026-05-01,8:00pm,https://www.statefarmarena.com/events/detail/florence-the-machine-everybody-scream-north-american-tour
State Farm Arena,Bruce Springsteen and The E Street Band,2026-05-02,7:30pm,https://www.statefarmarena.com/events/detail/bruce-springsteen-the-e-street-band-land-of-hope-dreams-american-tour-atlanta-georgia
TD Garden,Shane Gillis,2026-05-07,8:00pm,https://www.tdgarden.com/events/detail/shane-gilllis
Barclays Center,New York Liberty vs. Connecticut Sun,2026-05-08,7:30 PM,https://www.barclayscenter.com/events/detail/new-york-liberty-vs-connecticut-sun-20260508
TD Garden,Shane Gillis,2026-05-08,8:00pm,https://www.tdgarden.com/events/detail/shane-gilllis
TD Garden,Shane Gillis,2026-05-09,8:00pm,https://www.tdgarden.com/events/detail/shane-gilllis
Barclays Center,Bruce Springsteen and The E Street Band,2026-05-14,7:30 PM,https://www.barclayscenter.com/events/detail/bruce-springsteen-2026
State Farm Arena,Don Toliver,2026-05-19,7:30pm,https://www.statefarmarena.com/events/detail/don-toliver-octane-tour-tickets-atlanta-georgia-2026-05-19
Spectrum Center,JOURNEY,2026-05-20,7:00 PM,https://www.spectrumcentercharlotte.com/events/detail/journey-1
Barclays Center,New York Liberty vs. Golden State Valkyries,2026-05-21,8:00 PM,https://www.barclayscenter.com/events/detail/new-york-liberty-vs-golden-state-valkyries-20260521
Spectrum Center,Don Toliver,2026-05-21,7:00 PM,https://www.spectrumcentercharlotte.com/events/detail/don-toliver-1
State Farm Arena,Diljit Dosanjh,2026-05-22,8:00pm,https://www.statefarmarena.com/events/detail/diljit-dosanjh-aura-world-tour-tickets-atlanta-georgia-2026-05-22
Barclays Center,New York Liberty vs. Dallas Wings,2026-05-24,3:30 PM,https://www.barclayscenter.com/events/detail/new-york-liberty-vs-dallas-wings-20260524
State Farm Arena,Birthday Bash ATL 2026,2026-05-24,7:00pm,https://www.statefarmarena.com/events/detail/birthday-bash-2026-ti-gucci-mane-2-chainz-waka-flocka-tickets-atlanta-georgia-2026-05-24
TD Garden,Bruce Springsteen & the E Street Band,2026-05-24,7:30pm,https://www.tdgarden.com/events/detail/bruce-springsteen-and-the-e-street-band
Barclays Center,New York Liberty vs. Portland Fire,2026-05-25,8:00 PM,https://www.barclayscenter.com/events/detail/new-york-liberty-vs-portland-fire-20260525
Barclays Center,New York Liberty vs. Phoenix Mercury,2026-05-27,8:00 PM,https://www.barclayscenter.com/events/detail/new-york-liberty-vs-phoenix-mercury-20260527
Barclays Center,New York Liberty vs. Phoenix Mercury,2026-05-29,7:30 PM,https://www.barclayscenter.com/events/detail/new-york-liberty-vs-phoenix-mercury-20260529
Spectrum Center,The Queens,2026-05-30,7:00 PM,https://www.spectrumcentercharlotte.com/events/detail/the-queens
TD Garden,Don Toliver,2026-05-30,7:30pm,https://www.tdgarden.com/events/detail/don-toliver
Spectrum Center,Charlie Puth,2026-06-01,7:00 PM,https://www.spectrumcentercharlotte.com/events/detail/charlie-puth
Barclays Center,Summer Walker,2026-06-02,7:30 PM,https://www.barclayscenter.com/events/detail/summer-walker-2026
TD Garden,A$AP ROCKY,2026-06-02,7:30pm,https://www.tdgarden.com/events/detail/asap-rocky
Barclays Center,New York Liberty vs. Toronto Tempo,2026-06-03,8:00 PM,https://www.barclayscenter.com/events/detail/new-york-liberty-vs-toronto-tempo-20260603
Barclays Center,Carín León,2026-06-05,8:00 PM,https://www.barclayscenter.com/events/detail/carin-leon-2026
TD Garden,5 Seconds of Summer,2026-06-05,8:00pm,https://www.tdgarden.com/events/detail/5-second-of-summer
Barclays Center,New York Liberty vs. Indiana Fever,2026-06-06,8:00 PM,https://www.barclayscenter.com/events/detail/new-york-liberty-vs-indiana-fever-20260606
TD Garden,Josh Groban,2026-06-06,8:00pm,https://www.tdgarden.com/events/detail/josh-groban
TD Garden,Summer Walker,2026-06-07,7:30pm,https://www.tdgarden.com/events/detail/summer-walker
State Farm Arena,Megan Moroney,2026-06-08,7:00pm,https://www.statefarmarena.com/events/detail/megan-moroney-cloud-9-tour-tickets-atlanta-georgia-2026-06-08
State Farm Arena,Megan Moroney,2026-06-09,7:00pm,https://www.statefarmarena.com/events/detail/megan-moroney-cloud-9-tour-tickets-atlanta-georgia-2026-06-08
Spectrum Center,Summer Walker,2026-06-10,7:00 PM,https://www.spectrumcentercharlotte.com/events/detail/summer-walker
Barclays Center,Martin Garrix,2026-06-11,8:00 PM,https://www.barclayscenter.com/events/detail/martin-garrix
State Farm Arena,A$AP Rocky,2026-06-11,7:30pm,https://www.statefarmarena.com/events/detail/asap-rocky-and-his-alter-egos-dont-be-dub-tour-tickets-atlanta-georgia-2026-06-11
TD Garden,Rosalía,2026-06-11,8:30pm,https://www.tdgarden.com/events/detail/rosalia
Barclays Center,Martin Garrix,2026-06-12,8:00 PM,https://www.barclayscenter.com/events/detail/martin-garrix
Spectrum Center,A$AP Rocky,2026-06-12,7:00 PM,https://www.spectrumcentercharlotte.com/events/detail/aap-rocky
State Farm Arena,Summer Walker,2026-06-12,7:30pm,https://www.statefarmarena.com/events/detail/summer-walker-still-finally-over-it-tour-atlanta-georgia-2026-06-12
Barclays Center,Martin Garrix,2026-06-13,8:00 PM,https://www.barclayscenter.com/events/detail/martin-garrix
Barclays Center,New York Liberty vs. Washington Mystics,2026-06-14,3:00 PM,https://www.barclayscenter.com/events/detail/new-york-liberty-vs-washington-mystics-20260614
State Farm Arena,5 Seconds of Summer,2026-06-16,8:00pm,https://www.statefarmarena.com/events/detail/5-seconds-of-summer-everyones-a-star-world-tour
Spectrum Center,Forrest Frank,2026-06-17,7:00 PM,https://www.spectrumcentercharlotte.com/events/detail/forrest-frank
Barclays Center,New York Liberty vs. Washington Mystics,2026-06-19,7:30 PM,https://www.barclayscenter.com/events/detail/new-york-liberty-vs-washington-mystics-20260619
