name,date,time,venue,team
Twice - Suites,2026-04-14,20:00:00,Ball Arena,Denver Nuggets
Utah Mammoth vs. Winnipeg Jets,2026-04-14,19:00:00,Delta Center,Utah Jazz
Boston Bruins vs. New Jersey Devils,2026-04-14,19:00:00,TD Garden,Boston Celtics
2025-26 Print Fee,2026-04-14,20:00:00,TD Garden,Boston Celtics
Philadelphia Flyers vs. Montreal Canadiens,2026-04-14,19:00:00,Xfinity Mobile Arena,Philadelphia 76ers
Ticket Trade In Credit,2026-04-15,20:00:00,Paycom Center,Oklahoma City Thunder
Chicago Blackhawks vs. San Jose Sharks,2026-04-15,19:30:00,United Center,Chicago Bulls
2025-2026 Shift4 Passes,2026-04-15,19:00:00,Xfinity Mobile Arena,Philadelphia 76ers
Flyers 25-26 Broker,2026-04-15,20:00:00,Xfinity Mobile Arena,Philadelphia 76ers
Flyers TEST,2026-04-15,17:00:00,Xfinity Mobile Arena,Philadelphia 76ers
Colorado Avalanche vs Seattle Kraken Access Pass,2026-04-16,20:30:00,Ball Arena,Denver Nuggets
SUITES Parking- Demi Lovato,2026-04-16,20:02:00,Capital One Arena,Washington Wizards
Demi Lovato,2026-04-16,20:00:00,Capital One Arena Suites,Washington Wizards
Utah Mammoth vs. St. Louis Blues,2026-04-16,18:00:00,Delta Center,Utah Jazz
Peso Pluma,2026-04-16,20:00:00,Kia Center,Orlando Magic
Dancing with the Stars ROFR,2026-04-16,19:30:00,Moda Center,Portland Trail Blazers
SPRINGSTEEN & E STREET,2026-04-16,19:30:00,Mortgage Matchup Center,Phoenix Suns
Flyers Primepoint Guest Passes,2026-04-16,19:00:00,Xfinity Mobile Arena,Philadelphia 76ers
We Them Ones Loaded Value,2026-04-17,20:00:00,Fiserv Forum,Milwaukee Bucks
CARDI B,2026-04-17,19:30:00,State Farm Arena,Atlanta Hawks
Romeo Santos & Prince Royce,2026-04-17,20:00:00,TD Garden,Boston Celtics
SUITES Parking- Florence + The Machine,2026-04-18,19:32:00,Capital One Arena,Washington Wizards
Florence + The Machine,2026-04-18,19:30:00,Capital One Arena Suites,Washington Wizards
Camilo,2026-04-18,20:00:00,Kaseya Center,Miami Heat
Stars on Ice - U.S.,2026-04-18,19:00:00,Kia Center,Orlando Magic
Shane Gillis Live,2026-04-18,20:00:00,Spectrum Center,Charlotte Hornets
CARDI B,2026-04-18,19:30:00,State Farm Arena,Atlanta Hawks
Cleveland Monsters vs. Grand Rapids Griffins,2026-04-19,14:00:00,Rocket Arena,Cleveland Cavaliers
Brandon Lake Ticket + Hotel Deals,2026-04-19,19:00:00,Spectrum Center,Charlotte Hornets
Florence + The Machine,2026-04-19,19:30:00,TD Garden,Boston Celtics
2025-26 Wizards Spongebob Jersey,2026-04-20,20:00:00,Capital One Arena,Washington Wizards
JOURNEY,2026-04-21,19:30:00,Golden 1 Center,Sacramento Kings
Kings Full Season Print on Thermal Stock,2026-04-21,19:00:00,Golden 1 Center,Sacramento Kings
Demi Lovato,2026-04-22,20:00:00,TD Garden,Boston Celtics
2024-25 Blackhawks Select-A-Seat Event,2026-04-22,11:30:00,United Center,Chicago Bulls
2025 AHAI High School State Championships,2026-04-22,19:00:00,United Center,Chicago Bulls
THIRD DAY,2026-04-23,19:00:00,Golden 1 Center,Sacramento Kings
Lewis Capaldi,2026-04-23,19:30:00,Scotiabank Arena,Toronto Raptors
Boys 4 Life - Premium Seating,2026-04-23,20:00:00,United Center,Chicago Bulls
Florence + The Machine (Premium),2026-04-24,19:30:00,Barclays Center - Suites,Brooklyn Nets
LA Clippers v Golden State Warriors,2026-04-24,17:30:00,Intuit Dome,Los Angeles Clippers
New York Liberty v. Indiana Fever (Preseason Game),2026-04-25,15:00:00,Barclays Center,Brooklyn Nets
New York Liberty vs. Indiana Fever,2026-04-25,15:00:00,Barclays Center - Suites,Brooklyn Nets
Valkyries vs. Storm,2026-04-25,17:30:00,Chase Center,Golden State Warriors
Los Tigres del Norte,2026-04-25,20:00:00,Delta Center,Utah Jazz
Romeo Santos & Prince Royce,2026-04-25,20:00:00,Kaseya Center,Miami Heat
Hardy,2026-04-25,19:00:00,Kia Center,Orlando Magic
Lewis Capaldi - Premium Seating,2026-04-25,19:30:00,United Center,Chicago Bulls
TREATY OAK REVIVAL,2026-04-26,19:00:00,Golden 1 Center,Sacramento Kings
Bring Me The Horizon - N. American Ascension Program 2,2026-04-28,18:00:00,Scotiabank Arena,Toronto Raptors
2026 Suite Rental Event,2026-04-29,19:00:00,GA Mortgage Matchup Center,Phoenix Suns
Florence + The Machine,2026-04-29,19:30:00,Kaseya Center,Miami Heat
Romeo Santos,2026-04-29,20:00:00,Kia Center,Orlando Magic
Demi Lovato,2026-04-29,20:00:00,Little Caesars Arena,Detroit Pistons
Mercury Postgame Pass vs. Japan National Team,2026-04-29,19:00:00,Mortgage Matchup Center,Phoenix Suns
Bruce Springsteen/E Street Band - Premium Seating,2026-04-29,19:30:00,United Center,Chicago Bulls
2024-25 Balance Due,2026-04-30,20:00:00,Capital One Arena,Washington Wizards
(GUEST PASSES) Fever vs Wings,2026-04-30,19:00:00,Gainbridge Fieldhouse,Indiana Pacers
Subscription - 11/4/25,2026-04-30,20:00:00,Intuit Dome,Los Angeles Clippers
Orlando Solar Bears vs. TBD,2026-04-30,19:00:00,Kia Center,Orlando Magic
4th Qtr Facility Fees 24-25 Season,2026-04-30,20:00:00,Paycom Center,Oklahoma City Thunder
Court of Dreams Fan Experience Package,2026-04-30,19:00:00,Paycom Center,Oklahoma City Thunder
ROMEO SANTOS,2026-04-30,20:00:00,State Farm Arena,Atlanta Hawks
Blackhawks STM Verification,2026-04-30,20:00:00,United Center,Chicago Bulls
2026 Gritty Calendar,2026-04-30,00:00:00,Xfinity Mobile Arena,Philadelphia 76ers
2024 Mad Ants Local Player Tryout,2026-05-01,11:00:00,Gainbridge Fieldhouse,Indiana Pacers
2025-26 Pacers Sponsor Credit Event,2026-05-01,20:00:00,Gainbridge Fieldhouse,Indiana Pacers
Alejandro Sanz - Y Ahora Que,2026-05-01,20:00:00,Kia Center,Orlando Magic
Stars On Ice 2026,2026-05-01,19:00:00,Scotiabank Arena,Toronto Raptors
FLORENCE + THE MACHINE,2026-05-01,19:30:00,State Farm Arena,Atlanta Hawks
Demi Lovato - Premium Seating,2026-05-01,20:00:00,United Center,Chicago Bulls
GABRIEL IGLESIAS,2026-05-02,20:00:00,Golden 1 Center,Sacramento Kings
Alejandro Sanz,2026-05-02,20:00:00,Kaseya Center,Miami Heat
SPRINGSTEEN & E STREET,2026-05-02,19:30:00,State Farm Arena,Atlanta Hawks
Demi Lovato - Spotlight Pre-show Upgrade,2026-05-02,20:00:00,Target Center,Minnesota Timberwolves
Katt Williams - Premium Seating,2026-05-02,20:00:00,United Center,Chicago Bulls
Portland Fire vs. Los Angeles Sparks (Pre-Season),2026-05-03,16:00:00,Moda Center,Portland Trail Blazers
Club Level Seating: Demi Lovato,2026-05-05,20:00:00,Ball Arena,Denver Nuggets
Netflix Is A Joke Presents: Katt Williams,2026-05-05,19:30:00,Intuit Dome,Los Angeles Clippers
Netflix Is A Joke Presents: Kill Tony,2026-05-07,19:00:00,Intuit Dome,Los Angeles Clippers
"The Queens: 4 Legends, 1 Stage",2026-05-07,20:00:00,Smoothie King Center,New Orleans Pelicans
Shane Gillis Night 1,2026-05-07,20:00:00,TD Garden,Boston Celtics
Romeo Santos w/ Prince Royce,2026-05-07,20:00:00,Toyota Center - TX,Houston Rockets
Peso Pluma - Premium Seating,2026-05-07,20:00:00,United Center,Chicago Bulls
Rental: Romeo Santos,2026-05-08,20:00:00,American Airlines Center,Dallas Mavericks
New York Liberty v. Connecticut Sun,2026-05-08,19:30:00,Barclays Center,Brooklyn Nets
New York Liberty vs. Connecticut Sun,2026-05-08,19:30:00,Barclays Center - Suites,Brooklyn Nets
Puscifer,2026-05-08,20:00:00,Moda Center,Portland Trail Blazers
Shane Gillis Night 2,2026-05-08,20:00:00,TD Garden,Boston Celtics
Peso Pluma - Premium Seating,2026-05-08,20:00:00,United Center,Chicago Bulls
SUITES: Romeo Santos,2026-05-09,20:00:00,American Airlines Center,Dallas Mavericks
2026 Commencement,2026-05-09,13:00:00,Fiserv Forum,Milwaukee Bucks
26F Fan Experieince Package 05/9/2026,2026-05-09,13:00:00,Gainbridge Fieldhouse,Indiana Pacers
Orlando Pirates vs. Fishers Freight Football,2026-05-09,17:00:00,Kia Center,Orlando Magic
Pirates vs Freight,2026-05-09,18:00:00,Kia Center,Orlando Magic
Fantasia & Anthony Hamilton,2026-05-09,20:00:00,Little Caesars Arena,Detroit Pistons
Portland Fire vs. Chicago Sky,2026-05-09,18:00:00,Moda Center,Portland Trail Blazers
Karan Aujla,2026-05-09,20:00:00,Scotiabank Arena,Toronto Raptors
Shane Gillis Night 3,2026-05-09,20:00:00,TD Garden,Boston Celtics
Valkyries vs. Mercury,2026-05-10,17:30:00,Chase Center,Golden State Warriors
Los Angeles Sparks vs. Las Vegas Aces,2026-05-10,15:00:00,Crypto.com Arena,Los Angeles Lakers
Karan Aujla,2026-05-10,20:00:00,Scotiabank Arena,Toronto Raptors
Minnesota Lynx vs. Atlanta Dream,2026-05-10,18:00:00,Target Center,Minnesota Timberwolves
DEMI LOVATO,2026-05-11,20:00:00,Chase Center,Golden State Warriors
2026 Suite Rental Event,2026-05-12,19:00:00,GA Mortgage Matchup Center,Phoenix Suns
Portland Fire vs. New York Liberty,2026-05-12,19:00:00,Moda Center,Portland Trail Blazers
Phoenix Mercury vs. Minnesota Lynx,2026-05-12,19:00:00,Mortgage Matchup Center,Phoenix Suns
Valkyries vs. Sky,2026-05-13,19:00:00,Chase Center,Golden State Warriors
Los Angeles Sparks vs. Indiana Fever,2026-05-13,19:00:00,Crypto.com Arena,Los Angeles Lakers
ROMEO SANTOS PRINCE ROYCE,2026-05-13,20:00:00,Golden 1 Center,Sacramento Kings
Diljit Dosanjh,2026-05-13,20:00:00,Kia Center,Orlando Magic
Florence & The Machine 2026,2026-05-13,19:30:00,Moda Center,Portland Trail Blazers
Florence + The Machine ROFR,2026-05-13,20:00:00,Moda Center,Portland Trail Blazers
SPRINGSTEEN & E STREET,2026-05-14,19:30:00,Barclays Center,Brooklyn Nets
SPRINGSTEEN & E STREET,2026-05-14,19:30:00,Barclays Center,New York Knicks
SPRINGSTEEN & E STREET (Premium),2026-05-14,19:30:00,Barclays Center - Suites,Brooklyn Nets
SPRINGSTEEN & E STREET (Premium),2026-05-14,19:30:00,Barclays Center - Suites,New York Knicks
Romeo Santos & Prince Royce â€“ Mejor Tarde Que Nunc,2026-05-14,20:00:00,Chase Center,Golden State Warriors
Portland Fire vs. New York Liberty,2026-05-14,19:00:00,Moda Center,Portland Trail Blazers
Florence + The Machine,2026-05-15,19:30:00,Chase Center,Golden State Warriors
Los Angeles Sparks vs. Toronto Tempo,2026-05-15,19:00:00,Crypto.com Arena,Los Angeles Lakers
2026 Suite Rental Event,2026-05-15,19:00:00,GA Mortgage Matchup Center,Phoenix Suns
26F Fan Experieince Package 05/15/2026,2026-05-15,19:30:00,Gainbridge Fieldhouse,Indiana Pacers
Isabel Pantoja - 50 Aniversario,2026-05-15,20:00:00,Kaseya Center,Miami Heat
Phoenix Mercury vs. Chicago Sky,2026-05-15,19:00:00,Mortgage Matchup Center,Phoenix Suns
SUITES: DILJIT DOSANJH,2026-05-16,20:00:00,American Airlines Center,Dallas Mavericks
Laura Pausini,2026-05-16,20:00:00,Kaseya Center,Miami Heat
Los Angeles Sparks vs. Toronto Tempo,2026-05-17,16:00:00,Crypto.com Arena,Los Angeles Lakers
(GUEST PASSES) Fever vs Storm,2026-05-17,18:00:00,Gainbridge Fieldhouse,Indiana Pacers
May 17 Seattle Storm Family Night,2026-05-17,19:00:00,Gainbridge Fieldhouse,Indiana Pacers
Minnesota Lynx vs. Chicago Sky,2026-05-17,12:30:00,Target Center,Minnesota Timberwolves
Portland Fire vs. Connecticut Sun,2026-05-18,19:00:00,Moda Center,Portland Trail Blazers
2026 Suite Rental Event,2026-05-19,19:00:00,GA Mortgage Matchup Center,Phoenix Suns
Phoenix Mercury vs. Toronto Tempo,2026-05-19,19:00:00,Mortgage Matchup Center,Phoenix Suns
DON TOLIVER,2026-05-19,19:30:00,State Farm Arena,Atlanta Hawks
26F Fan Experieince Package 05/20/2026,2026-05-20,19:00:00,Gainbridge Fieldhouse,Indiana Pacers
(GUEST PASSES) Fever vs Fire,2026-05-20,20:00:00,Gainbridge Fieldhouse,Indiana Pacers
OCPS Graduation,2026-05-20,08:30:00,Kia Center,Orlando Magic
OCPS Graduation,2026-05-20,19:30:00,Kia Center,Orlando Magic
OCPS Graduation,2026-05-20,14:00:00,Kia Center,Orlando Magic
Journey Luxury,2026-05-20,19:30:00,Spectrum Center,Charlotte Hornets
New York Liberty v. Golden State Valkyries,2026-05-21,20:00:00,Barclays Center,Brooklyn Nets
New York Liberty v. Golden State Valkyries,2026-05-21,20:00:00,Barclays Center,New York Knicks
New York Liberty vs. Golden State Valkyries,2026-05-21,20:00:00,Barclays Center - Suites,Brooklyn Nets
New York Liberty vs. Golden State Valkyries,2026-05-21,20:00:00,Barclays Center - Suites,New York Knicks
Romeo Santos w/ Prince Royce,2026-05-21,20:00:00,Crypto.com Arena,Los Angeles Lakers
2026 Suite Rental Event,2026-05-21,19:00:00,GA Mortgage Matchup Center,Phoenix Suns
Laura Pausini,2026-05-21,20:00:00,Kia Center,Orlando Magic
Phoenix Mercury vs. Los Angeles Sparks,2026-05-21,19:00:00,Mortgage Matchup Center,Phoenix Suns
Don Toliver Luxury,2026-05-21,19:30:00,Spectrum Center,Charlotte Hornets
Minnesota Lynx vs. Toronto Tempo,2026-05-21,19:00:00,Target Center,Minnesota Timberwolves
SUITES: Demi Lovato,2026-05-22,20:00:00,American Airlines Center,Dallas Mavericks
RENTAL 05/22/2026 Golden State Valkyries,2026-05-22,19:30:00,Gainbridge Fieldhouse,Indiana Pacers
OCPS Graduation,2026-05-22,19:30:00,Kia Center,Orlando Magic
OCPS Graduation,2026-05-22,08:30:00,Kia Center,Orlando Magic
OCPS Graduation,2026-05-22,14:00:00,Kia Center,Orlando Magic
DILJIT DOSANJH,2026-05-22,20:00:00,State Farm Arena,Atlanta Hawks
Carlos Vives,2026-05-23,20:00:00,Kaseya Center,Miami Heat
Shinedown,2026-05-23,19:00:00,Paycom Center,Oklahoma City Thunder
New York Liberty v. Dallas Wings,2026-05-24,15:30:00,Barclays Center,Brooklyn Nets
New York Liberty v. Dallas Wings,2026-05-24,15:30:00,Barclays Center,New York Knicks
New York Liberty vs. Dallas Wings,2026-05-24,15:30:00,Barclays Center - Suites,Brooklyn Nets
New York Liberty vs. Dallas Wings,2026-05-24,15:30:00,Barclays Center - Suites,New York Knicks
Carlos Vives,2026-05-24,20:00:00,Kia Center,Orlando Magic
BIRTHDAY BASH,2026-05-24,18:00:00,State Farm Arena,Atlanta Hawks
Bruce Springsteen,2026-05-24,19:30:00,TD Garden,Boston Celtics
New York Liberty v. Portland Fire,2026-05-25,20:00:00,Barclays Center,Brooklyn Nets
New York Liberty v. Portland Fire,2026-05-25,20:00:00,Barclays Center,New York Knicks
New York Liberty vs. Portland Fire,2026-05-25,20:00:00,Barclays Center - Suites,Brooklyn Nets
New York Liberty vs. Portland Fire,2026-05-25,20:00:00,Barclays Center - Suites,New York Knicks
Valkyries vs. Sun,2026-05-25,19:00:00,Chase Center,Golden State Warriors
OCPS Graduation,2026-05-26,08:30:00,Kia Center,Orlando Magic
OCPS Graduation,2026-05-26,19:30:00,Kia Center,Orlando Magic
OCPS Graduation,2026-05-26,14:00:00,Kia Center,Orlando Magic
New York Liberty v. Phoenix Mercury,2026-05-27,19:00:00,Barclays Center,Brooklyn Nets
New York Liberty v. Phoenix Mercury,2026-05-27,19:00:00,Barclays Center,New York Knicks
New York Liberty vs. Phoenix Mercury,2026-05-27,19:00:00,Barclays Center - Suites,Brooklyn Nets
New York Liberty vs. Phoenix Mercury,2026-05-27,19:00:00,Barclays Center - Suites,New York Knicks
Portland Fire vs. Connecticut Sun,2026-05-27,19:00:00,Moda Center,Portland Trail Blazers
Minnesota Lynx vs. Atlanta Dream,2026-05-27,20:00:00,Target Center,Minnesota Timberwolves
Alex Warren Presents: Little Orphan Alex Live,2026-05-27,19:30:00,Toyota Center,Houston Rockets
Alex Warren Presents: Little Orphan Alex Live,2026-05-27,19:30:00,Toyota Center - TX,Houston Rockets
A$AP Rocky - Premium Seating,2026-05-27,19:30:00,United Center,Chicago Bulls
Morning Skate,2026-05-27,10:00:00,United Center,Chicago Bulls
Valkyries vs. Fever,2026-05-28,19:00:00,Chase Center,Golden State Warriors
Roberto Carlos,2026-05-28,20:00:00,Kaseya Center,Miami Heat
"The Queens: 4 Legends, 1 Stage",2026-05-28,20:00:00,Toyota Center - TX,Houston Rockets
New York Liberty v. Phoenix Mercury,2026-05-29,19:30:00,Barclays Center,Brooklyn Nets
New York Liberty v. Phoenix Mercury,2026-05-29,19:30:00,Barclays Center,New York Knicks
New York Liberty vs. Phoenix Mercury,2026-05-29,19:30:00,Barclays Center - Suites,Brooklyn Nets
New York Liberty vs. Phoenix Mercury,2026-05-29,19:30:00,Barclays Center - Suites,New York Knicks
Weird Al Yankovic,2026-05-29,20:00:00,Kia Center,Orlando Magic
Portland Fire vs. Atlanta Dream,2026-05-29,19:00:00,Moda Center,Portland Trail Blazers
Summer Walker - Premium Seating,2026-05-29,19:30:00,United Center,Chicago Bulls
Rental: CARIN LEON,2026-05-30,20:00:00,American Airlines Center,Dallas Mavericks
Megan Moroney Rental,2026-05-30,19:00:00,Gainbridge Fieldhouse,Indiana Pacers
Mohamed Ramadan (live) in NYC,2026-05-30,21:00:00,Infosys Theater at Madison Square Garden,New York Knicks
Roberto Carlos,2026-05-30,20:00:00,Kia Center,Orlando Magic
Portland Fire vs. Indiana Fever,2026-05-30,17:00:00,Moda Center,Portland Trail Blazers
"The Queens: 4 Legends, 1 Stage",2026-05-30,20:00:00,Spectrum Center,Charlotte Hornets
Don Toliver,2026-05-30,19:30:00,TD Garden,Boston Celtics
Valkyries vs. Aces,2026-05-31,12:30:00,Chase Center,Golden State Warriors
Spurs Staff Taxable Credits,2026-05-31,20:00:00,Frost Bank Center,San Antonio Spurs
All Graduations,2026-05-31,19:00:00,Kia Center,Orlando Magic
Encore Pass - Summer Walker,2026-05-31,19:30:00,Little Caesars Arena,Detroit Pistons
Scotiabank Arena Hold,2026-05-31,20:00:00,Scotiabank Arena,Toronto Raptors
National Anthem,2026-05-31,20:00:00,State Farm Arena,Atlanta Hawks
Carin Leon,2026-05-31,20:00:00,Toyota Center - TX,Houston Rockets
Colorado Avalanche vs TBD Rd 1 HmGm 1,2026-06-01,20:00:00,Ball Arena,Denver Nuggets
Play In Game: Nuggets vs TBD Rd 0 HmGm 1,2026-06-01,,Ball Arena,Denver Nuggets
24-25 Suite Legacy Package,2026-06-01,20:00:00,Chase Center,Golden State Warriors
2026 Suite Rental Event,2026-06-01,19:00:00,GA Mortgage Matchup Center,Phoenix Suns
Phoenix Mercury vs. Minnesota Lynx,2026-06-01,19:00:00,Mortgage Matchup Center,Phoenix Suns
Charlie Puth Luxury,2026-06-01,19:30:00,Spectrum Center,Charlotte Hornets
76ers Cateering Package,2026-06-01,20:00:00,Xfinity Mobile Arena,Philadelphia 76ers
Colorado Avalanche vs TBD Rd 1 HmGm 2,2026-06-02,20:00:00,Ball Arena,Denver Nuggets
Play In Game: Nuggets vs TBD Rd 0 HmGm 2,2026-06-02,,Ball Arena,Denver Nuggets
Summer Walker: Still Finally Over It (Premium),2026-06-02,19:30:00,Barclays Center - Suites,Brooklyn Nets
Summer Walker: Still Finally Over It (Premium),2026-06-02,19:30:00,Barclays Center - Suites,New York Knicks
Valkyries vs. Fire,2026-06-02,19:00:00,Chase Center,Golden State Warriors
Los Angeles Sparks vs. Las Vegas Aces,2026-06-02,19:00:00,Crypto.com Arena,Los Angeles Lakers
A$AP ROCKY,2026-06-02,19:30:00,TD Garden,Boston Celtics
Megan Moroney - Premium Seating,2026-06-02,19:00:00,United Center,Chicago Bulls
Colorado Avalanche vs TBD Rd 1 HmGm 3,2026-06-03,20:00:00,Ball Arena,Denver Nuggets
New York Liberty v. Toronto Tempo,2026-06-03,20:00:00,Barclays Center,Brooklyn Nets
New York Liberty v. Toronto Tempo,2026-06-03,20:00:00,Barclays Center,New York Knicks
New York Liberty vs. Toronto Tempo,2026-06-03,20:00:00,Barclays Center - Suites,Brooklyn Nets
New York Liberty vs. Toronto Tempo,2026-06-03,20:00:00,Barclays Center - Suites,New York Knicks
Megan Moroney - Premium Seating,2026-06-03,19:00:00,United Center,Chicago Bulls
Colorado Avalanche vs TBD Rd 1 HmGm 4,2026-06-04,20:00:00,Ball Arena,Denver Nuggets
(GUEST PASSES) Fever vs Dream,2026-06-04,19:00:00,Gainbridge Fieldhouse,Indiana Pacers
Rosalia,2026-06-04,20:30:00,Kaseya Center,Miami Heat
Don Toliver,2026-06-04,19:30:00,Little Caesars Arena,Detroit Pistons
Encore Pass - Don Toliver,2026-06-04,19:00:00,Little Caesars Arena,Detroit Pistons
Josh Groban with special guest Jennifer Hudson,2026-06-04,20:00:00,Scotiabank Arena,Toronto Raptors
Minnesota Lynx vs. Golden State Valkyries,2026-06-04,20:00:00,Target Center,Minnesota Timberwolves
West Conf Qtrs: Nuggets vs TBD Rd 1 HmGm 3,2026-06-05,,Ball Arena,Denver Nuggets
Colorado Avalanche vs TBD Rd 2 HmGm 1,2026-06-05,20:00:00,Ball Arena,Denver Nuggets
Los Angeles Sparks vs. Dallas Wings,2026-06-05,19:00:00,Crypto.com Arena,Los Angeles Lakers
Forrest Frank: Premium,2026-06-05,19:00:00,Fiserv Forum,Milwaukee Bucks
Portland Fire vs. Phoenix Mercury,2026-06-05,19:00:00,Moda Center,Portland Trail Blazers
Alex Warren Presents: Little Orphan Alex Live,2026-06-05,19:30:00,Mortgage Matchup Center,Phoenix Suns
5 Seconds of Summer,2026-06-05,20:00:00,TD Garden,Boston Celtics
West Conf Qtrs: Nuggets vs TBD Rd 1 HmGm 4,2026-06-06,,Ball Arena,Denver Nuggets
Colorado Avalanche vs TBD Rd 2 HmGm 2,2026-06-06,20:00:00,Ball Arena,Denver Nuggets
New York Liberty v. Indiana Fever,2026-06-06,20:00:00,Barclays Center,Brooklyn Nets
New York Liberty v. Indiana Fever,2026-06-06,20:00:00,Barclays Center,New York Knicks
New York Liberty vs. Indiana Fever,2026-06-06,20:00:00,Barclays Center - Suites,Brooklyn Nets
New York Liberty vs. Indiana Fever,2026-06-06,20:00:00,Barclays Center - Suites,New York Knicks
Alex Warren Presents: Little Orphan Alex Live,2026-06-06,19:30:00,Crypto.com Arena,Los Angeles Lakers
Rosalia,2026-06-06,20:30:00,Kaseya Center,Miami Heat
Orlando Pirates vs. Iowa Barnstormers,2026-06-06,17:00:00,Kia Center,Orlando Magic
Pirates vs Barnstormers,2026-06-06,16:00:00,Kia Center,Orlando Magic
Forrest Frank,2026-06-06,19:00:00,Little Caesars Arena,Detroit Pistons
Moein Live in Toronto,2026-06-06,20:00:00,Scotiabank Arena,Toronto Raptors
Josh Groban & Jennifer Hudson,2026-06-06,20:00:00,TD Garden,Boston Celtics
Minnesota Lynx vs. Seattle Storm,2026-06-06,12:00:00,Target Center,Minnesota Timberwolves
Colorado Avalanche vs TBD Rd 2 HmGm 3,2026-06-07,20:00:00,Ball Arena,Denver Nuggets
Los Angeles Sparks vs. Portland Fire,2026-06-07,16:00:00,Crypto.com Arena,Los Angeles Lakers
Summer Walker,2026-06-07,19:30:00,TD Garden,Boston Celtics
Suites - Josh Groban With Special Guest Jennifer Hudson,2026-06-07,20:00:00,Xfinity Mobile Arena,Philadelphia 76ers
Colorado Avalanche vs TBD Rd 2 HmGm 4,2026-06-08,20:00:00,Ball Arena,Denver Nuggets
Rosalia,2026-06-08,20:00:00,Kia Center,Orlando Magic
Rod Stewart: ONE LAST TIME,2026-06-08,19:30:00,Mortgage Matchup Center,Phoenix Suns
MEGAN MORONEY,2026-06-08,19:00:00,State Farm Arena,Atlanta Hawks
West Conf Semifinal: Nuggets vs TBD Rd 2 HmGm 3,2026-06-09,,Ball Arena,Denver Nuggets
Colorado Avalanche vs TBD Rd 3 HmGm 1,2026-06-09,20:00:00,Ball Arena,Denver Nuggets
Valkyries vs. Mercury,2026-06-09,19:00:00,Chase Center,Golden State Warriors
MEGAN MORONEY,2026-06-09,19:00:00,State Farm Arena,Atlanta Hawks
Minnesota Lynx vs. Dallas Wings,2026-06-09,19:00:00,Target Center,Minnesota Timberwolves
Colorado Avalanche vs TBD Rd 3 HmGm 2,2026-06-10,20:00:00,Ball Arena,Denver Nuggets
West Conf Semifinal: Nuggets vs TBD Rd 2 HmGm 4,2026-06-10,,Ball Arena,Denver Nuggets
Summer Walker Luxury,2026-06-10,19:30:00,Spectrum Center,Charlotte Hornets
Colorado Avalanche vs TBD Rd 3 HmGm 3,2026-06-11,20:00:00,Ball Arena,Denver Nuggets
Louis Tomlinson,2026-06-11,19:00:00,Crypto.com Arena,Los Angeles Lakers
(GUEST PASSES) Fever vs Sky,2026-06-11,19:00:00,Gainbridge Fieldhouse,Indiana Pacers
Noah Kahan,2026-06-11,18:30:00,Kia Center,Orlando Magic
Portland Fire vs. Las Vegas Aces,2026-06-11,19:00:00,Moda Center,Portland Trail Blazers
A$AP ROCKY,2026-06-11,19:30:00,State Farm Arena,Atlanta Hawks
Rosalia,2026-06-11,20:00:00,TD Garden,Boston Celtics
Don Toliver - Premium Seating,2026-06-11,19:30:00,United Center,Chicago Bulls
Colorado Avalanche vs TBD Rd 3 HmGm 4,2026-06-12,20:00:00,Ball Arena,Denver Nuggets
Noah Kahan,2026-06-12,19:30:00,Kia Center,Orlando Magic
Josh Groban with special guest Jennifer Hudson,2026-06-12,20:00:00,Madison Square Garden,New York Knicks
Alex Warren Presents: Little Orphan Alex Live,2026-06-12,19:30:00,Moda Center,Portland Trail Blazers
A$AP Rocky  Luxury,2026-06-12,19:30:00,Spectrum Center,Charlotte Hornets
SUMMER WALKER,2026-06-12,19:30:00,State Farm Arena,Atlanta Hawks
SUITES: Don Toliver,2026-06-13,19:30:00,American Airlines Center,Dallas Mavericks
Colorado Avalanche vs TBD Rd 4 HmGm 1,2026-06-13,20:00:00,Ball Arena,Denver Nuggets
West Conf Final: Nuggets vs TBD Rd 3 HmGm 3,2026-06-13,,Ball Arena,Denver Nuggets
Ticket- Spurs vs. TBD,2026-06-13,19:00:00,Frost Bank Center,San Antonio Spurs
2026 Suite Rental Event,2026-06-13,19:00:00,GA Mortgage Matchup Center,Phoenix Suns
Portland Fire vs. Dallas Wings,2026-06-13,17:30:00,Moda Center,Portland Trail Blazers
Phoenix Mercury vs. Los Angeles Sparks,2026-06-13,19:00:00,Mortgage Matchup Center,Phoenix Suns
Rob49's Vulture Island Experience,2026-06-13,19:30:00,Smoothie King Center,New Orleans Pelicans
Colorado Avalanche vs TBD Rd 4 HmGm 2,2026-06-14,20:00:00,Ball Arena,Denver Nuggets
West Conf Final: Nuggets vs TBD Rd 3 HmGm 4,2026-06-14,,Ball Arena,Denver Nuggets
New York Liberty v. Washington Mystics,2026-06-14,15:00:00,Barclays Center,Brooklyn Nets
New York Liberty v. Washington Mystics,2026-06-14,15:00:00,Barclays Center,New York Knicks
New York Liberty vs. Washington Mystics,2026-06-14,15:00:00,Barclays Center - Suites,Brooklyn Nets
New York Liberty vs. Washington Mystics,2026-06-14,15:00:00,Barclays Center - Suites,New York Knicks
Ticket- Spurs vs. TBD,2026-06-14,19:00:00,Frost Bank Center,San Antonio Spurs
A$AP Rocky,2026-06-14,19:30:00,Kia Center,Orlando Magic
Visitor Postgame Pass - Play-In Home Game 2 vs TBD,2026-06-14,19:00:00,Mortgage Matchup Center,Phoenix Suns
Colorado Avalanche vs TBD Rd 4 HmGm 3,2026-06-15,20:00:00,Ball Arena,Denver Nuggets
Valkyries vs. Sparks,2026-06-15,19:00:00,Chase Center,Golden State Warriors
Ticket- Spurs vs. TBD,2026-06-15,19:00:00,Frost Bank Center,San Antonio Spurs
Round 1 Home Game 1: Suns vs TBD,2026-06-15,19:00:00,Mortgage Matchup Center,Phoenix Suns
Minnesota Lynx vs. Portland Fire,2026-06-15,19:00:00,Target Center,Minnesota Timberwolves
Colorado Avalanche vs TBD Rd 4 HmGm 4,2026-06-16,20:00:00,Ball Arena,Denver Nuggets
Ticket- Spurs vs. TBD,2026-06-16,19:00:00,Frost Bank Center,San Antonio Spurs
RENTAL 06/16/2026 Toronto Tempo,2026-06-16,19:00:00,Gainbridge Fieldhouse,Indiana Pacers
Visitor Postgame Pass - Round 1 Gm2 vs TBD,2026-06-16,19:00:00,Mortgage Matchup Center,Phoenix Suns
5 SECONDS OF SUMMER,2026-06-16,20:00:00,State Farm Arena,Atlanta Hawks
SUITES: SUMMER WALKER,2026-06-17,19:30:00,American Airlines Center,Dallas Mavericks
NBA Final: Nuggets vs TBD Rd 4 HmGm 3,2026-06-17,,Ball Arena,Denver Nuggets
Valkyries vs. Wings,2026-06-17,19:00:00,Chase Center,Golden State Warriors
Los Angeles Sparks vs. Minnesota Lynx,2026-06-17,19:00:00,Crypto.com Arena,Los Angeles Lakers
Ticket- Spurs vs. TBD,2026-06-17,19:00:00,Frost Bank Center,San Antonio Spurs
2026 Suite Rental Event,2026-06-17,19:00:00,GA Mortgage Matchup Center,Phoenix Suns
5 Seconds of Summer,2026-06-17,20:00:00,Kia Center,Orlando Magic
Portland Fire vs. Seattle Storm,2026-06-17,19:00:00,Moda Center,Portland Trail Blazers
Phoenix Mercury vs. Las Vegas Aces,2026-06-17,19:00:00,Mortgage Matchup Center,Phoenix Suns
Forrest Frank Luxury,2026-06-17,19:00:00,Spectrum Center,Charlotte Hornets
Rental: A$AP ROCKY,2026-06-18,19:30:00,American Airlines Center,Dallas Mavericks
NBA Final: Nuggets vs TBD Rd 4 HmGm 4,2026-06-18,,Ball Arena,Denver Nuggets
Ticket- Spurs vs. TBD,2026-06-18,19:00:00,Frost Bank Center,San Antonio Spurs
RENTAL 06/18/2026 Atlanta Dream,2026-06-18,19:30:00,Gainbridge Fieldhouse,Indiana Pacers
Jun. 18 Atlanta Dream Family Night,2026-06-18,19:00:00,Gainbridge Fieldhouse,Indiana Pacers
(GUEST PASSES) Fever vs Dream,2026-06-18,20:00:00,Gainbridge Fieldhouse,Indiana Pacers
Suns Postgame Pass- Round 1 Gm 4 : Suns vs TBD,2026-06-18,19:00:00,Mortgage Matchup Center,Phoenix Suns
Nate Bargatze,2026-06-18,19:00:00,Toyota Center - TX,Houston Rockets
New York Liberty v. Washington Mystics,2026-06-19,19:30:00,Barclays Center,Brooklyn Nets
New York Liberty v. Washington Mystics,2026-06-19,19:30:00,Barclays Center,New York Knicks
New York Liberty vs. Washington Mystics,2026-06-19,19:30:00,Barclays Center - Suites,Brooklyn Nets
New York Liberty vs. Washington Mystics,2026-06-19,19:30:00,Barclays Center - Suites,New York Knicks
An Evening With Goose,2026-06-19,19:30:00,Madison Square Garden,New York Knicks
JOJI: SOLARIS,2026-06-19,18:30:00,Scotiabank Arena,Toronto Raptors
